IDs,SNPs,beta,se,pval,ALT,REF,minor_AF,CHR,POS
15:75027880,rs2472297,0.157644,0.00778399,3.82E-91,T,C,0.266904,15,75027880
7:17284577,rs4410790,0.121508,0.00716663,1.89E-64,C,T,0.365419,7,17284577
22:24820268,rs9624470,0.0728603,0.0070187,3.06E-25,A,G,0.419467,22,24820268
7:75611756,rs3815455,0.0647109,0.007604,1.74E-17,T,C,0.289844,7,75611756
6:51241140,rs2465018,0.0634642,0.00824386,1.38E-14,A,G,0.229969,6,51241140
20:62962869,rs140775622,0.0707166,0.00990379,9.33E-13,T,C,0.169524,20,62962869
4:89039082,rs1481012,-0.0778187,0.0109004,9.41E-13,G,A,0.113206,4,89039082
1:174601659,rs11487328,-0.0493226,0.00714688,5.16E-12,C,G,0.379686,1,174601659
11:13307613,rs11022751,0.0496834,0.0077933,1.83E-10,C,T,0.269456,11,13307613
15:60902512,rs12591786,-0.0608872,0.00960581,2.32E-10,T,C,0.157503,15,60902512
22:41461176,rs73424602,-0.043227,0.00703082,7.84E-10,T,C,0.401794,22,41461176
19:19423817,rs2315024,0.0434279,0.00731962,2.98E-09,A,T,0.334875,19,19423817
12:11349732,rs1669433,0.055113,0.0093178,3.33E-09,G,A,0.164735,12,11349732
1:150700614,rs199621380,0.0413229,0.00704738,4.53E-09,G,T,0.405123,1,150700614
21:34343828,rs4817505,0.0411304,0.00707829,6.22E-09,C,T,0.393271,21,34343828
5:152034989,rs149375687,-0.0449125,0.0077637,7.26E-09,T,G,0.271365,5,152034989
17:40834073,rs12600469,0.0405786,0.00712304,1.22E-08,T,G,0.376012,17,40834073
1:26756209,rs6697410,0.0436116,0.00794844,4.10E-08,T,G,0.25515,1,26756209
13:89233505,rs7999399,0.0378921,0.00694902,4.96E-08,T,C,0.445331,13,89233505
14:80102233,rs34940743,0.0393004,0.0072376,5.64E-08,G,A,0.347475,14,80102233
16:3364997,rs12325187,-0.0417308,0.00787817,1.18E-07,G,C,0.261152,16,3364997
7:17570479,rs73075167,-0.055059,0.0104202,1.27E-07,T,A,0.129957,7,17570479
3:89525505,rs2117137,0.0369555,0.00702285,1.42E-07,G,A,0.405401,3,89525505
5:109207832,rs10069890,0.0384761,0.0073647,1.75E-07,G,A,0.33564,5,109207832
7:44185088,rs2908274,-0.0485356,0.00932877,1.96E-07,A,G,0.16424,7,44185088
8:22088975,rs13282783,-0.0396721,0.00767783,2.38E-07,T,C,0.285005,8,22088975
16:62904022,rs1428831,0.03664,0.00711465,2.61E-07,G,A,0.379343,16,62904022
15:74048847,rs76546189,0.0701552,0.0136439,2.72E-07,A,G,0.0685007,15,74048847
16:53799296,rs9937521,-0.0358983,0.00700708,3.01E-07,T,C,0.419943,16,53799296
10:18414220,rs7897163,-0.0436188,0.00852447,3.11E-07,T,C,0.208673,10,18414220
13:100270177,rs34363176,-0.0409535,0.0080526,3.66E-07,G,C,0.244104,13,100270177
2:172895001,rs11893458,0.0356272,0.00701434,3.79E-07,T,A,0.411959,2,172895001
4:134454874,rs114002124,-0.0764595,0.0150624,3.85E-07,A,G,0.0596803,4,134454874
7:117594838,rs1156954,0.0375291,0.00740758,4.06E-07,A,G,0.32458,7,117594838
11:16298532,rs4757390,0.0356308,0.00706636,4.60E-07,T,A,0.396245,11,16298532
18:52903600,rs73487020,0.0559405,0.0111109,4.79E-07,G,T,0.107978,18,52903600
2:58515375,rs1156588,-0.0425366,0.00847197,5.15E-07,G,A,0.210625,2,58515375
7:141673345,rs713598,0.0352155,0.00703385,5.54E-07,G,C,0.400683,7,141673345
20:30649661,rs6119758,0.039119,0.0078138,5.55E-07,G,A,0.26764,20,30649661
6:137228094,rs3799479,-0.0346877,0.00694794,5.96E-07,A,G,0.444464,6,137228094
1:216866629,rs12067901,-0.0354992,0.00713539,6.52E-07,A,T,0.387173,1,216866629
3:35707818,rs17280180,0.0343924,0.00700869,9.25E-07,G,C,0.413561,3,35707818
11:59203276,rs7118850,-0.0364374,0.00743927,9.69E-07,T,G,0.313573,11,59203276
8:2874682,rs13276110,-0.0405383,0.00827698,9.70E-07,A,G,0.227436,8,2874682
2:201247780,rs1020111,0.0338991,0.00694433,1.05E-06,A,G,0.460892,2,201247780
1:96680084,rs6593589,-0.0734973,0.0150941,1.12E-06,C,G,0.055589,1,96680084
11:47293702,rs10742799,0.0357545,0.00736096,1.19E-06,C,T,0.323949,11,47293702
2:40920232,rs2110785,0.0336668,0.00696546,1.34E-06,C,T,0.437103,2,40920232
4:26546360,rs115865825,0.152769,0.0316915,1.43E-06,T,C,0.0125867,4,26546360
5:104022239,rs396755,0.0336593,0.00698339,1.44E-06,G,C,0.42881,5,104022239
2:233799730,rs186526119,0.146356,0.0305026,1.60E-06,A,T,0.0147141,2,233799730
17:78898788,rs6565495,-0.0490384,0.0102288,1.63E-06,T,C,0.130943,17,78898788
10:94839724,rs4418728,-0.0331994,0.00693204,1.67E-06,T,G,0.44926,10,94839724
14:55956916,rs35852615,0.040346,0.00842473,1.68E-06,T,C,0.213531,14,55956916
11:78773462,rs11237705,-0.034811,0.00727236,1.70E-06,G,A,0.352615,11,78773462
12:112040904,rs11613633,0.0458875,0.00961188,1.81E-06,A,C,0.164662,12,112040904
5:69603488,rs76536183,-0.0442007,0.00926191,1.82E-06,T,C,0.199386,5,69603488
3:185990096,rs2193587,0.040092,0.00840181,1.83E-06,T,C,0.214354,3,185990096
3:50207227,rs3774749,-0.0329907,0.00691919,1.86E-06,T,C,0.463356,3,50207227
1:162053508,rs10918630,-0.0354472,0.00744447,1.92E-06,C,T,0.315827,1,162053508
16:24813490,rs113098948,0.0721577,0.0152061,2.08E-06,T,C,0.0557617,16,24813490
17:28607211,rs3110098,-0.126248,0.026613,2.10E-06,C,T,0.017122,17,28607211
12:72826693,rs10082992,-0.038237,0.00808027,2.22E-06,A,C,0.240407,12,72826693
19:41353107,rs56113850,0.0330004,0.00697915,2.26E-06,C,T,0.422676,19,41353107
4:67899235,rs12506221,-0.0331299,0.00700674,2.27E-06,G,T,0.422023,4,67899235
1:192123711,rs7526348,-0.0325229,0.00690806,2.50E-06,G,A,0.493821,1,192123711
11:131192757,rs117826297,0.0782068,0.0166316,2.57E-06,G,T,0.0450331,11,131192757
3:135473573,rs1345154,-0.0580454,0.012397,2.84E-06,T,G,0.0851715,3,135473573
2:202822034,rs11690020,-0.0326082,0.00696598,2.86E-06,T,A,0.443317,2,202822034
19:4029264,rs2289862,-0.0585192,0.0125144,2.92E-06,G,A,0.0855604,19,4029264
11:1367912,rs61869711,0.0344155,0.00737055,3.02E-06,C,T,0.330551,11,1367912
7:17814536,rs2537594,-0.0321415,0.00692597,3.47E-06,A,G,0.46481,7,17814536
7:6306687,rs144242548,-0.166206,0.0358878,3.64E-06,A,C,0.0101902,7,6306687
4:188238511,rs116131677,-0.111713,0.0241533,3.74E-06,A,G,0.0208214,4,188238511
6:155915741,rs9478663,0.0388926,0.00841038,3.76E-06,A,G,0.21468,6,155915741
3:85409260,rs74569441,-0.0956195,0.0207107,3.90E-06,A,G,0.029078,3,85409260
11:118945502,rs72997349,0.0928686,0.0201181,3.91E-06,C,T,0.030586,11,118945502
11:36868287,rs2422370,0.0452711,0.00983792,4.19E-06,G,A,0.178875,11,36868287
12:19130747,rs56144985,0.11337,0.0246666,4.31E-06,C,T,0.0199319,12,19130747
1:7222402,rs147508325,-0.141171,0.0308369,4.70E-06,T,G,0.0133393,1,7222402
15:95395934,rs4984566,-0.0346108,0.00756346,4.74E-06,A,G,0.29384,15,95395934
19:58461989,rs257658,-0.0316346,0.00691643,4.79E-06,C,A,0.462384,19,58461989
18:7993103,rs1596383,-0.0331953,0.00725903,4.81E-06,A,G,0.345648,18,7993103
3:116046258,rs79342626,0.0502322,0.0110028,4.99E-06,A,T,0.110588,3,116046258
12:31954473,rs4625568,0.0320256,0.00701549,5.00E-06,T,C,0.478085,12,31954473
2:59400645,rs2110477,0.0325306,0.00714121,5.23E-06,C,T,0.371541,2,59400645
13:111530358,rs78632781,0.0320986,0.00705759,5.42E-06,A,G,0.403884,13,111530358
19:18237571,rs12974657,0.0336943,0.00741019,5.44E-06,T,C,0.317311,19,18237571
6:65387647,rs11759039,0.0427985,0.0094144,5.47E-06,A,C,0.163387,6,65387647
2:40555733,rs4952609,-0.036628,0.00805795,5.48E-06,G,A,0.244847,2,40555733
5:21867692,rs150405579,0.0820939,0.0180759,5.58E-06,C,T,0.0381871,5,21867692
3:161907178,rs13100831,-0.0331724,0.00730438,5.59E-06,G,A,0.345748,3,161907178
5:60303180,rs111874609,0.0315515,0.00695616,5.74E-06,C,G,0.439074,5,60303180
1:48197214,rs143958513,0.139742,0.0308281,5.82E-06,C,T,0.0135444,1,48197214
10:129152608,rs10764990,-0.0319886,0.00705795,5.84E-06,A,G,0.394143,10,129152608
2:141339511,rs13425997,-0.059942,0.0132413,5.99E-06,T,C,0.0735815,2,141339511
13:40223163,rs201530995,-0.0323192,0.00714353,6.06E-06,C,T,0.371611,13,40223163
16:75971985,rs7199450,-0.0329701,0.00729456,6.19E-06,C,T,0.362322,16,75971985
11:120989335,rs612969,0.0315184,0.00697649,6.25E-06,G,A,0.431567,11,120989335
12:91379529,rs117823794,0.0933516,0.0206917,6.44E-06,G,C,0.0296124,12,91379529
2:115496223,rs71418514,0.0862767,0.0191738,6.81E-06,G,A,0.0335991,2,115496223
2:101594191,rs11541353,0.0404565,0.00899609,6.89E-06,T,C,0.178183,2,101594191
1:81656725,rs4120877,0.0388696,0.00864466,6.91E-06,T,G,0.200196,1,81656725
7:38571875,rs3800796,0.041046,0.00913824,7.07E-06,A,C,0.173129,7,38571875
8:16713728,rs474885,0.0404503,0.0090108,7.16E-06,A,C,0.181445,8,16713728
7:13906966,rs7459236,-0.0959769,0.0213921,7.24E-06,T,A,0.0275862,7,13906966
19:30913331,rs1433070,-0.0312829,0.00697587,7.31E-06,A,G,0.440401,19,30913331
8:34285545,rs80318442,0.0725124,0.016206,7.66E-06,G,T,0.0496226,8,34285545
8:73453946,rs349356,0.0338836,0.00757313,7.67E-06,T,G,0.297052,8,73453946
3:117958778,rs6804074,-0.0398522,0.00890804,7.69E-06,G,A,0.184914,3,117958778
10:75746938,rs11000833,0.0312239,0.00698504,7.82E-06,A,T,0.489784,10,75746938
9:129173328,rs7023509,0.0426849,0.00956005,8.01E-06,A,G,0.155306,9,129173328
5:160055820,rs12153313,-0.051975,0.0116682,8.41E-06,G,A,0.0966194,5,160055820
10:12740082,rs10906209,-0.0308463,0.00692882,8.51E-06,C,A,0.465594,10,12740082
10:34455466,rs1778876,0.0347754,0.00781502,8.60E-06,A,G,0.265285,10,34455466
9:11431917,rs2382290,-0.0351817,0.00790856,8.65E-06,A,G,0.256656,9,11431917
12:107344481,rs73384312,-0.0590637,0.0133011,8.98E-06,G,A,0.0726881,12,107344481
8:20587726,rs73224098,0.0648296,0.0146058,9.06E-06,A,G,0.0599634,8,20587726
6:127446790,rs9482772,-0.0307826,0.006947,9.38E-06,C,T,0.450464,6,127446790
2:74512597,rs6546901,0.0407622,0.00921406,9.70E-06,A,G,0.170796,2,74512597
8:31391893,rs4236703,0.0305649,0.00691288,9.81E-06,A,G,0.460914,8,31391893
14:105150580,rs34369401,0.0429393,0.00971845,9.95E-06,T,C,0.169091,14,105150580
13:80174329,rs7319427,0.0304545,0.00689445,1.00E-05,T,C,0.494843,13,80174329
5:124690313,rs2678196,-0.0305391,0.00691468,1.00E-05,T,C,0.471428,5,124690313
8:105864815,rs1985151,0.0334037,0.00756418,1.01E-05,A,G,0.297935,8,105864815
11:85459170,rs118073826,-0.085659,0.0194224,1.03E-05,A,G,0.0323305,11,85459170
3:71533378,rs13327339,-0.0305306,0.0069257,1.04E-05,C,G,0.481052,3,71533378
5:17899205,rs6863677,-0.0496627,0.0112768,1.06E-05,A,G,0.105028,5,17899205
20:50165634,rs6013210,0.0475983,0.010816,1.08E-05,G,C,0.117997,20,50165634
13:111097434,rs4322516,0.0346425,0.00788027,1.10E-05,A,G,0.262646,13,111097434
2:6365592,rs2351102,-0.0987204,0.0224569,1.10E-05,G,A,0.0269163,2,6365592
3:69482757,rs4855405,0.0316923,0.00720978,1.10E-05,T,C,0.363517,3,69482757
1:206944233,rs1554286,0.0402219,0.00915774,1.12E-05,G,A,0.172617,1,206944233
2:48060947,rs5022337,-0.0502681,0.0114459,1.12E-05,A,G,0.102158,2,48060947
10:72132284,rs10733865,-0.0382462,0.00872599,1.17E-05,G,A,0.205732,10,72132284
2:118895728,rs62164915,-0.0347617,0.00794151,1.20E-05,C,A,0.274174,2,118895728
2:1140466,rs7598018,0.0313651,0.00716758,1.21E-05,G,A,0.368431,2,1140466
7:3736587,rs1529659,-0.0394714,0.00902154,1.21E-05,T,C,0.179737,7,3736587
4:55264280,rs13123307,0.0456262,0.0104448,1.25E-05,T,C,0.12513,4,55264280
1:166976883,rs7520099,0.0408868,0.00936913,1.28E-05,G,A,0.163006,1,166976883
4:174612992,rs75456544,0.0650177,0.0149301,1.33E-05,A,G,0.056588,4,174612992
7:157536622,rs1009949,0.0329263,0.00756166,1.33E-05,G,C,0.303331,7,157536622
5:111198847,rs34698740,0.0322716,0.00741672,1.35E-05,T,G,0.318128,5,111198847
1:240219054,rs10802835,-0.0739346,0.0169921,1.35E-05,T,C,0.0430854,1,240219054
4:18185371,rs55687407,-0.0300807,0.00691707,1.37E-05,C,A,0.484676,4,18185371
20:11845930,rs6033239,-0.031145,0.00717987,1.44E-05,T,G,0.364122,20,11845930
17:59543010,rs76316522,-0.0786416,0.0181411,1.46E-05,T,C,0.0415682,17,59543010
3:147638308,rs79054592,0.0984314,0.0227534,1.52E-05,A,G,0.0236336,3,147638308
3:107541601,rs181329746,-0.117465,0.0271667,1.53E-05,A,G,0.0169299,3,107541601
9:116531324,rs10981918,0.030079,0.0069643,1.57E-05,G,T,0.461862,9,116531324
6:150099385,rs9379346,-0.0557964,0.0129192,1.57E-05,A,G,0.0782618,6,150099385
13:31819325,rs9542236,-0.0302219,0.00699818,1.57E-05,C,T,0.432041,13,31819325
2:68586419,rs55869446,0.0305844,0.00708228,1.57E-05,A,G,0.387042,2,68586419
3:162450522,rs1874509,-0.0339647,0.00787138,1.60E-05,G,A,0.260366,3,162450522
4:89208565,rs4693210,0.0300533,0.00697481,1.64E-05,G,A,0.437633,4,89208565
13:51614329,rs184246318,-0.109324,0.025377,1.65E-05,C,T,0.0187878,13,51614329
9:81821528,rs72748419,0.0701638,0.0162962,1.67E-05,G,T,0.0470296,9,81821528
14:29753719,rs200397364,-0.0312685,0.00726462,1.68E-05,G,A,0.372465,14,29753719
22:37102242,rs2413415,0.0331396,0.0077029,1.69E-05,T,C,0.358839,22,37102242
4:182598039,rs6847130,-0.0379447,0.00882347,1.71E-05,A,G,0.190903,4,182598039
1:154549470,rs12130403,0.0320072,0.00745802,1.77E-05,C,T,0.313262,1,154549470
15:91816024,rs116922550,-0.0539206,0.0125764,1.81E-05,G,C,0.0824103,15,91816024
3:174091420,rs2176813,0.0312949,0.00730094,1.82E-05,T,C,0.358053,3,174091420
10:104337938,rs113422568,0.031675,0.0073898,1.82E-05,A,G,0.326424,10,104337938
6:20143552,rs688991,0.0608424,0.0142122,1.86E-05,G,C,0.0643515,6,20143552
20:15803802,rs56005200,-0.0474868,0.0110946,1.87E-05,T,A,0.112936,20,15803802
5:165449673,rs76364069,0.125291,0.0292736,1.87E-05,T,C,0.0144624,5,165449673
3:103806985,rs1731645,0.0642258,0.0150138,1.89E-05,A,G,0.0566357,3,103806985
1:63006842,rs1781221,-0.0314312,0.00735169,1.91E-05,C,A,0.399239,1,63006842
10:10188827,rs4611106,0.0329818,0.00772499,1.96E-05,G,T,0.30219,10,10188827
9:7054124,rs56348300,0.0379575,0.00889125,1.96E-05,G,C,0.185299,9,7054124
7:90951328,rs78249428,0.0936933,0.0219737,2.01E-05,C,G,0.025717,7,90951328
21:40585633,rs9981884,0.0293521,0.00689473,2.07E-05,A,G,0.494566,21,40585633
16:13632302,rs77978561,0.116226,0.0273048,2.08E-05,G,A,0.0168361,16,13632302
2:161802019,rs2357973,0.0409884,0.00963879,2.11E-05,T,C,0.15148,2,161802019
4:156681681,rs34339597,-0.0393297,0.00925509,2.14E-05,T,C,0.168878,4,156681681
9:34060617,rs10738922,0.0292791,0.0069048,2.23E-05,A,C,0.485162,9,34060617
9:101835952,rs62562360,-0.0773749,0.0182593,2.26E-05,C,A,0.0381116,9,101835952
5:91580409,rs12521611,-0.034604,0.00817494,2.31E-05,G,A,0.232376,5,91580409
5:154809838,rs10054001,0.029851,0.00705248,2.31E-05,C,T,0.397836,5,154809838
14:76527171,rs55808822,0.0317584,0.00750607,2.33E-05,C,T,0.405073,14,76527171
15:34734483,rs200442237,0.0603745,0.0142808,2.36E-05,T,C,0.0754558,15,34734483
17:8298873,rs78100215,0.107744,0.0255184,2.42E-05,A,G,0.0202164,17,8298873
1:229179862,rs114675693,0.112509,0.0266538,2.43E-05,G,A,0.0182444,1,229179862
12:69368045,rs1908667,-0.0293666,0.00696133,2.46E-05,G,T,0.453317,12,69368045
18:52314840,rs377304326,-0.0577779,0.0136975,2.46E-05,A,T,0.0717043,18,52314840
11:57738759,rs76056318,-0.0570438,0.0135328,2.50E-05,A,G,0.0700891,11,57738759
9:17487808,rs16935710,-0.131632,0.0312514,2.53E-05,T,C,0.012269,9,17487808
7:101909103,rs2694159,-0.030222,0.00718073,2.57E-05,G,A,0.371404,7,101909103
15:81022087,rs12900485,-0.03261,0.0077482,2.57E-05,A,G,0.27049,15,81022087
6:100488010,rs79446848,-0.0388405,0.00922935,2.57E-05,T,C,0.168764,6,100488010
8:108601199,rs73299763,0.135641,0.0322528,2.60E-05,A,G,0.0115864,8,108601199
8:10905594,rs10903337,0.0346784,0.00825156,2.64E-05,C,G,0.232273,8,10905594
5:96166026,rs41135,0.0291236,0.00693317,2.66E-05,C,T,0.475186,5,96166026
1:79273639,rs6691148,0.0295858,0.00705075,2.72E-05,C,T,0.41306,1,79273639
12:32552769,rs2651369,-0.0309567,0.00738211,2.75E-05,G,C,0.322041,12,32552769
5:46000751,rs7293310,0.0298594,0.00713253,2.84E-05,G,A,0.379634,5,46000751
12:133348472,rs141023897,0.0887061,0.02119,2.84E-05,A,C,0.0320219,12,133348472
6:27330685,rs12213055,-0.0375536,0.00897457,2.86E-05,T,C,0.180645,6,27330685
9:36739594,rs9644881,0.0293139,0.00700868,2.88E-05,A,G,0.455781,9,36739594
3:133091141,rs77115046,-0.0644755,0.0154346,2.95E-05,G,T,0.0536421,3,133091141
6:52991074,rs4546480,0.0313053,0.00749511,2.96E-05,C,A,0.314841,6,52991074
7:1314571,rs77466796,0.0646222,0.0154719,2.96E-05,G,C,0.052936,7,1314571
1:180067167,rs145322337,0.111494,0.026701,2.97E-05,A,G,0.0184989,1,180067167
4:145083777,rs115786573,-0.107737,0.0258015,2.97E-05,A,G,0.0194753,4,145083777
6:165530805,rs2758934,0.0521722,0.0124961,2.98E-05,C,T,0.0834823,6,165530805
1:101002833,rs6577178,-0.0423689,0.01015,2.99E-05,T,C,0.133143,1,101002833
18:38780022,rs75546290,-0.052828,0.0126666,3.04E-05,G,A,0.0816687,18,38780022
7:130131576,rs75098511,0.0687325,0.0164805,3.04E-05,A,G,0.0460809,7,130131576
7:31796018,rs117071762,-0.11862,0.028446,3.05E-05,G,A,0.0184129,7,31796018
17:80806603,rs56249965,0.0307927,0.00738672,3.06E-05,G,C,0.320422,17,80806603
2:212973504,rs76853748,0.0633358,0.0152074,3.12E-05,A,G,0.0555626,2,212973504
16:16181778,rs116941979,0.0964562,0.0231705,3.14E-05,G,A,0.0226776,16,16181778
22:20098359,rs1640299,-0.0287872,0.00691676,3.16E-05,G,T,0.48289,22,20098359
2:53007213,rs2168093,0.0292649,0.00703919,3.22E-05,T,A,0.452905,2,53007213
14:81687152,rs144415894,-0.119383,0.0287194,3.23E-05,A,G,0.0166667,14,81687152
11:1498379,rs4881734,0.0562647,0.0135354,3.23E-05,G,A,0.0723585,11,1498379
6:168539992,rs4147279,0.0735739,0.0177075,3.25E-05,G,T,0.0396679,6,168539992
5:178794691,rs79494947,0.071757,0.0172889,3.32E-05,A,G,0.0469702,5,178794691
8:90628766,rs13254821,0.0405776,0.00980687,3.51E-05,C,T,0.144682,8,90628766
11:41576226,rs145559883,0.0861821,0.0208524,3.58E-05,G,T,0.0306202,11,41576226
3:133215822,rs73213734,0.0643883,0.0155858,3.61E-05,A,G,0.0553245,3,133215822
20:22515527,rs6106520,-0.0773143,0.0187345,3.68E-05,T,C,0.0354253,20,22515527
16:11789190,rs17606098,0.0284239,0.00689452,3.75E-05,T,C,0.498658,16,11789190
3:17011474,rs3906814,0.0284518,0.00690298,3.76E-05,G,C,0.495054,3,17011474
6:165291885,rs6922504,0.0289398,0.00702145,3.76E-05,G,A,0.408671,6,165291885
17:16191830,rs117015530,-0.13109,0.0318115,3.78E-05,C,T,0.0120944,17,16191830
19:47558395,rs11670435,0.0295915,0.00718655,3.83E-05,G,A,0.371184,19,47558395
9:23837464,rs13286215,0.0384794,0.00934819,3.85E-05,A,G,0.166304,9,23837464
4:78058785,rs13124954,-0.0899987,0.0219063,3.99E-05,A,G,0.0254096,4,78058785
14:69371155,rs7141689,-0.0398935,0.00972262,4.08E-05,A,T,0.149957,14,69371155
14:56806526,rs17091312,-0.0486854,0.0119017,4.30E-05,T,C,0.0925947,14,56806526
9:92201811,rs10752651,0.0284386,0.00695272,4.31E-05,T,C,0.461827,9,92201811
1:43099941,rs11210687,-0.0302423,0.00739684,4.34E-05,C,A,0.385024,1,43099941
1:45762576,rs115833555,0.101347,0.0247909,4.35E-05,C,T,0.0206091,1,45762576
6:146650768,rs75048688,0.0731271,0.0179078,4.44E-05,T,C,0.0389714,6,146650768
6:40306387,rs7739918,0.0347428,0.00851273,4.48E-05,A,G,0.210176,6,40306387
4:5446604,rs13132680,0.0452642,0.011093,4.50E-05,A,T,0.108495,4,5446604
17:64448271,rs4082895,0.0291091,0.00713689,4.53E-05,T,C,0.381764,17,64448271
6:40642323,rs115371506,-0.0310843,0.00762141,4.53E-05,T,A,0.326443,6,40642323
14:53164631,rs2025138,0.0305502,0.00749203,4.55E-05,A,T,0.327799,14,53164631
4:61396977,rs12505316,-0.0403407,0.00989357,4.55E-05,C,T,0.141615,4,61396977
12:19498104,rs10770477,-0.0549078,0.0134745,4.60E-05,T,C,0.070739,12,19498104
5:124277949,rs111716016,0.0311614,0.00765205,4.66E-05,A,T,0.293828,5,124277949
11:28711589,rs4923559,0.0327497,0.0080439,4.67E-05,G,T,0.252736,11,28711589
11:110132133,rs77321028,0.0831725,0.0204406,4.72E-05,G,C,0.0292979,11,110132133
13:100841093,rs56205555,-0.036363,0.00894037,4.76E-05,T,C,0.181877,13,100841093
1:14525531,rs504469,0.028995,0.00714569,4.96E-05,T,G,0.373548,1,14525531